{"count":1,"self":91.701977599999992,"total":100.6233049,"children":{"InitializeActuators":{"count":10,"self":0.0019946,"total":0.0019946,"children":null},"InitializeSensors":{"count":10,"self":0.0039905999999999995,"total":0.0039905999999999995,"children":null},"AgentSendState":{"count":7169,"self":0.3501496,"total":1.4667207,"children":{"UpdateModelSpacePoses":{"count":14340,"self":0.2831569,"total":0.2831569,"children":null},"UpdateLocalSpacePoses":{"count":14340,"self":0.25898129999999997,"total":0.25898129999999997,"children":null},"CollectObservations":{"count":14340,"self":0.38007369999999996,"total":0.38007369999999996,"children":null},"WriteActionMask":{"count":14340,"self":0.060007599999999994,"total":0.060007599999999994,"children":null},"RequestDecision":{"count":14340,"self":0.1343516,"total":0.1343516,"children":null}}},"DecideAction":{"count":7169,"self":6.9491904,"total":6.94919,"children":null},"AgentAct":{"count":7169,"self":0.4984322,"total":0.4984322,"children":null}},"gauges":{"CrawlerDynamic.CumulativeReward":{"count":692,"max":158.280746,"min":-1.99999475,"runningAverage":7.12370729,"value":-0.999839664,"weightedAverage":-0.5016061}},"metadata":{"timer_format_version":"0.1.0","start_time_seconds":"1615595972","unity_version":"2020.2.3f1","command_line_arguments":"D:\\saxion\\2019-2020\\Unity\\2020.2.3f1\\Editor\\Unity.exe -projectpath D:\/saxion\/2020-2021\/Q3\/Advanced tools\/UnityMachineLearningAdvancedTools\/AdvancedToolsMachineLearningUnity -useHub -hubIPC -cloudEnvironment production -hubSessionId 1bca3c70-836b-11eb-857c-c3c45e3fdba2 -accessToken hjo8sKlYt1L4e35-a9GfuX4UKfi9NiRoEJ4q4rTbY3M008f","communication_protocol_version":"1.3.0","com.unity.ml-agents_version":"1.7.0-preview","scene_name":"CrawlerDynamicTarget","end_time_seconds":"1615596072"}}