{"count":1,"self":119.26652159999999,"total":123.6835684,"children":{"InitializeActuators":{"count":16,"self":0.0010161999999999999,"total":0.0010161999999999999,"children":null},"InitializeSensors":{"count":16,"self":0.0019968,"total":0.0019968,"children":null},"AgentSendState":{"count":5938,"self":0.19394899999999998,"total":0.3534504,"children":{"CollectObservations":{"count":15840,"self":0.027526199999999997,"total":0.027526199999999997,"children":null},"WriteActionMask":{"count":15840,"self":0.0475429,"total":0.0475429,"children":null},"RequestDecision":{"count":15840,"self":0.0844323,"total":0.0844323,"children":null}}},"DecideAction":{"count":5938,"self":3.2912276,"total":3.6979628,"children":{"RayPerceptionSensor.Perceive":{"count":15840,"self":0.40673529999999997,"total":0.40673529999999997,"children":null}}},"AgentAct":{"count":5938,"self":0.3606781,"total":0.3606781,"children":null}},"gauges":{"Hallway.CumulativeReward":{"count":489,"max":1.96500266,"min":-0.203999609,"runningAverage":0.9846779,"value":0.930333555,"weightedAverage":0.939424}},"metadata":{"timer_format_version":"0.1.0","start_time_seconds":"1615595144","unity_version":"2020.2.3f1","command_line_arguments":"D:\\saxion\\2019-2020\\Unity\\2020.2.3f1\\Editor\\Unity.exe -projectpath D:\/saxion\/2020-2021\/Q3\/Advanced tools\/UnityMachineLearningAdvancedTools\/AdvancedToolsMachineLearningUnity -useHub -hubIPC -cloudEnvironment production -hubSessionId 1bca3c70-836b-11eb-857c-c3c45e3fdba2 -accessToken hjo8sKlYt1L4e35-a9GfuX4UKfi9NiRoEJ4q4rTbY3M008f","communication_protocol_version":"1.3.0","com.unity.ml-agents_version":"1.7.0-preview","scene_name":"Hallway","end_time_seconds":"1615595268"}}